{
    "n": 16,
    "num_runs": 2,
    "strategy": "a_inverse",
    "num_samples": 20,
    "topology": "neighbor",
    "matrix_seed": 51583,
    "c": 0.11807027105482834,
    "lr_basic": 0.01,
    "d_list": [
        0.48379379003132106,
        0.04904173943745337,
        0.04627325414662911,
        4.257385352274565,
        0.3451779100431068,
        0.03228063861705792,
        0.09254650829325502,
        0.4287727075434123,
        1.9351751601250393,
        0.19097958137630805,
        2.22124453162157,
        2.240729132776116,
        0.036030665709149465,
        0.17028692803149809,
        0.2772430857675989,
        3.1930390142059184
    ],
    "lr_list": [
        0.004837937900313211,
        0.0004904173943745337,
        0.0004627325414662911,
        0.042573853522745654,
        0.003451779100431068,
        0.0003228063861705792,
        0.0009254650829325501,
        0.004287727075434123,
        0.019351751601250394,
        0.0019097958137630805,
        0.0222124453162157,
        0.022407291327761158,
        0.0003603066570914947,
        0.001702869280314981,
        0.0027724308576759886,
        0.03193039014205919
    ]
}