{
    "n": 16,
    "num_runs": 2,
    "strategy": "random_max",
    "num_samples": 20,
    "topology": "neighbor",
    "matrix_seed": 51583,
    "c": 0.17072480034308374,
    "lr_basic": 0.01,
    "d_list": [
        0.4071859088563267,
        1.342551837345446,
        0.44190418025665673,
        0.6448749091021987,
        0.8087482519820535,
        1.8160380294470388,
        1.4505208837131787,
        1.213981281661169,
        0.24427573073733394,
        1.578625199536503,
        0.9371420308648853,
        1.7079426956427617,
        0.6710635848093132,
        0.2970471010617081,
        1.8302596963966675,
        0.607838678586759
    ],
    "lr_list": [
        0.0040718590885632676,
        0.01342551837345446,
        0.004419041802566567,
        0.006448749091021987,
        0.008087482519820536,
        0.01816038029447039,
        0.014505208837131786,
        0.012139812816611691,
        0.0024427573073733393,
        0.01578625199536503,
        0.009371420308648853,
        0.017079426956427616,
        0.006710635848093132,
        0.002970471010617081,
        0.018302596963966675,
        0.0060783867858675905
    ]
}