{
    "n": 16,
    "num_runs": 2,
    "strategy": "b_inverse",
    "num_samples": 20,
    "topology": "neighbor",
    "matrix_seed": 51583,
    "c": 0.1201267392141204,
    "lr_basic": 0.01,
    "d_list": [
        0.2068598267757375,
        4.349715588905576,
        2.2624894271964227,
        0.05498072933887599,
        0.5619130021294344,
        2.9412362553552143,
        0.4242167675993542,
        0.2089305488610169,
        0.1149221259865225,
        0.3436504721485391,
        0.04094100738269873,
        0.029775278096508154,
        3.7358444372455364,
        0.43704344610066853,
        0.24579569754278371,
        0.041685389335111435
    ],
    "lr_list": [
        0.002068598267757375,
        0.043497155889055755,
        0.02262489427196423,
        0.0005498072933887599,
        0.005619130021294344,
        0.029412362553552143,
        0.004242167675993542,
        0.002089305488610169,
        0.001149221259865225,
        0.0034365047214853913,
        0.0004094100738269873,
        0.00029775278096508154,
        0.03735844437245536,
        0.004370434461006685,
        0.0024579569754278373,
        0.00041685389335111434
    ],
    "heterogeneous": true,
    "alpha": 0.1
}