{
    "n": 4,
    "strategy": "a_inverse",
    "num_samples": 20,
    "topology": "exp",
    "matrix_seed": 51583,
    "c": 0.9036353323897477,
    "lr_basic": 0.8,
    "d_list": [
        0.7480092473670692,
        1.4025173388132535,
        0.6473156948368867,
        1.2021577189827901
    ],
    "lr_list": [
        0.5984073978936554,
        1.122013871050603,
        0.5178525558695094,
        0.9617261751862322
    ],
    "heterogeneous": true,
    "alpha": 0.1
}