{
    "n": 4,
    "strategy": "random_max",
    "num_samples": 20,
    "topology": "exp",
    "matrix_seed": 51583,
    "c": 1.011360915776313,
    "lr_basic": 0.8,
    "d_list": [
        1.8961646809720432,
        1.130974057219825,
        0.6641682779926587,
        0.30869298381547233
    ],
    "lr_list": [
        1.5169317447776347,
        0.9047792457758601,
        0.531334622394127,
        0.24695438705237788
    ],
    "heterogeneous": true,
    "alpha": 0.1
}