Strategy,Norm,Kappa,Time,Efficiency
Greedy,7.971090540951856,100.0,0.0001430511474609375,0.8695840454785119
Power,6.035892733095072,100.0,1.2874603271484375e-05,0.658469000440233
Layer,3.2916117858107756,60.0,0.00033092498779296875,0.3590892711787316
Scipy,0.6858307862306765,1.0000000081271174,0.023083925247192383,0.07481881011640892
Random,4.6079066078456465,99.35889371085575,0.4177529811859131,0.5026868091199851
