{
  "metadata": {
    "timestamp": "2025-09-02 11:23:46",
    "n_values": [
      10,
      11,
      12,
      13,
      14,
      15
    ],
    "samples_per_n": 20
  },
  "summary": {
    "10": {
      "best_norm": 8.096841275221676,
      "best_seed": 4426,
      "best_k": 1,
      "best_efficiency": 0.9174315252754067,
      "worst_norm": 2.5525142221423898,
      "worst_seed": 8322,
      "mean_norm": 4.287674029000316,
      "std_norm": 1.2227543157539744,
      "median_norm": 4.053162300724974,
      "all_norms": [
        3.1768420417864656,
        2.6667649972083374,
        3.108683376274331,
        5.459770046794245,
        3.6507083959767166,
        4.0897437028957,
        4.354680035179916,
        8.096841275221676,
        4.72120887586815,
        2.5525142221423898,
        3.9028780532748253,
        3.9785791974421123,
        4.7539401529478775,
        3.506259733555881,
        4.509867821041228,
        5.264939302579658,
        5.930596314423674,
        4.016580898554249,
        4.242900855915883,
        3.769181280922993
      ],
      "all_seeds": [
        7270,
        860,
        5390,
        5191,
        5734,
        6265,
        466,
        4426,
        5578,
        8322,
        1685,
        769,
        6949,
        2433,
        5311,
        5051,
        6420,
        1184,
        4555,
        3385
      ],
      "all_efficiencies": [
        0.9174925034940764,
        0.917482919540082,
        0.9175029465547564,
        0.9174392326854547,
        0.9174722499238825,
        0.9174667949997821,
        0.917463416570134,
        0.9174315252754067,
        0.917450142064532,
        0.9175122045815899,
        0.9174508992086641,
        0.9174540423792945,
        0.9174395059855949,
        0.9174604346193673,
        0.9174531732070631,
        0.9174389904893554,
        0.9174428246306896,
        0.9174589796546241,
        0.9174515078053472,
        0.9174645020931251
      ]
    },
    "11": {
      "best_norm": 7.016047466752791,
      "best_seed": 5590,
      "best_k": 1,
      "best_efficiency": 0.9090933469446971,
      "worst_norm": 2.8572444620783,
      "worst_seed": 6878,
      "mean_norm": 4.642824107581616,
      "std_norm": 1.2459979214920403,
      "median_norm": 4.309710462656712,
      "all_norms": [
        6.726818305543518,
        6.20478100940204,
        5.339755647705201,
        3.9852021447140613,
        7.016047466752791,
        5.493191269737929,
        5.947137211268013,
        3.119745615574028,
        3.6710733269927536,
        3.681138906878198,
        3.6423302110470432,
        5.91407283052201,
        3.8587600380314884,
        3.197340331727194,
        4.8763867715851354,
        5.367240834434594,
        4.6342187805993635,
        2.8572444620783,
        3.875146385336403,
        3.448850601702248
      ],
      "all_seeds": [
        1255,
        2187,
        8871,
        6884,
        5590,
        8353,
        8612,
        939,
        533,
        5629,
        6108,
        2299,
        3463,
        5500,
        2865,
        7583,
        3000,
        6878,
        451,
        7433
      ],
      "all_efficiencies": [
        0.909094008753814,
        0.9090977305908259,
        0.9091175738541988,
        0.9091262785470098,
        0.9090933469446971,
        0.9090988712267992,
        0.9090986834851793,
        0.909145875380106,
        0.9091437556375196,
        0.9091359501914736,
        0.9091410520683145,
        0.9091116536633437,
        0.9091391125304236,
        0.9091462435362174,
        0.9091245972189693,
        0.909112834323042,
        0.9091330966838234,
        0.9091593880135845,
        0.9091302648037763,
        0.9091391154915615
      ]
    },
    "12": {
      "best_norm": 7.715670364056871,
      "best_seed": 4924,
      "best_k": 1,
      "best_efficiency": 0.9009044408886736,
      "worst_norm": 2.5819070586514647,
      "worst_seed": 7875,
      "mean_norm": 4.5571433317280094,
      "std_norm": 1.2628136851267244,
      "median_norm": 4.393060807783323,
      "all_norms": [
        5.095660149022626,
        6.288716892140638,
        3.359630764844247,
        4.238604697195523,
        3.209396752066516,
        3.4143347483926925,
        4.480137112106426,
        4.155673559071104,
        4.30598450346022,
        5.66531332591916,
        6.596546093567535,
        7.715670364056871,
        5.129956378604883,
        4.497145102235041,
        4.967703819044906,
        4.8519860291746415,
        4.108851086045435,
        2.9286904988812212,
        2.5819070586514647,
        3.5509577000790324
      ],
      "all_seeds": [
        268,
        8024,
        9336,
        2824,
        3978,
        1633,
        7400,
        7798,
        9056,
        9345,
        1249,
        4924,
        4772,
        9836,
        1705,
        2237,
        5449,
        8967,
        7875,
        4744
      ],
      "all_efficiencies": [
        0.9009258853150934,
        0.9009094436562013,
        0.9009569580072857,
        0.9009281553667152,
        0.9009662165256264,
        0.9009592932318364,
        0.9009503207499587,
        0.9009451527561175,
        0.9009190424551757,
        0.900915238204493,
        0.9009073326684809,
        0.9009044408886736,
        0.9009206384577705,
        0.9009294576973083,
        0.9009207047968056,
        0.9009276391932668,
        0.9009510019265773,
        0.9009732749250359,
        0.9009842181114877,
        0.9009323129820184
      ]
    },
    "13": {
      "best_norm": 7.768349102717597,
      "best_seed": 9762,
      "best_k": 1,
      "best_efficiency": 0.8928628399799995,
      "worst_norm": 3.1989541668878783,
      "worst_seed": 5366,
      "mean_norm": 5.064756233322717,
      "std_norm": 1.1956125277388525,
      "median_norm": 4.684225582749924,
      "all_norms": [
        7.768349102717597,
        3.1989541668878783,
        7.724627318039116,
        4.567348758421289,
        6.360318210109301,
        4.865010661970391,
        5.444987410277456,
        4.2842524771882875,
        6.020221993840171,
        4.212326634830861,
        4.811827236258713,
        4.318399419373561,
        5.970341863205027,
        3.870510320314051,
        3.935970389428178,
        4.776397628201999,
        4.59205353729785,
        5.949386414634011,
        4.333764286976929,
        4.290076836481695
      ],
      "all_seeds": [
        9762,
        5366,
        7898,
        7884,
        690,
        4172,
        9930,
        5641,
        4347,
        8276,
        6726,
        45,
        7301,
        6864,
        687,
        5821,
        9862,
        744,
        4076,
        4437
      ],
      "all_efficiencies": [
        0.8928628399799995,
        0.8929243770631476,
        0.8928621140135343,
        0.892892675500709,
        0.892868079767711,
        0.8928858402334717,
        0.8928945914873567,
        0.8929041384967658,
        0.8928719119253573,
        0.8928998762154305,
        0.8928904432157143,
        0.8928938230960565,
        0.892875421359054,
        0.892909555863239,
        0.8928980764571302,
        0.8928777045652692,
        0.8928908440762537,
        0.8928670904954986,
        0.892905928229778,
        0.892910067261589
      ]
    },
    "14": {
      "best_norm": 8.554459405307732,
      "best_seed": 8757,
      "best_k": 1,
      "best_efficiency": 0.8849590818782889,
      "worst_norm": 3.201733346711121,
      "worst_seed": 8766,
      "mean_norm": 5.191728441348838,
      "std_norm": 1.2605653856468768,
      "median_norm": 4.991870853103239,