{
    "n": 16,
    "strategy": "a_inverse",
    "num_samples": 20,
    "topology": "neighbor",
    "matrix_seed": 51583,
    "c": 0.11807027105481363,
    "lr_basic": 0.1,
    "d_list": [
        0.4837937900312845,
        0.049041739437446726,
        0.046273254146623026,
        4.25738535227453,
        0.34517791004307063,
        0.03228063861705351,
        0.09254650829324505,
        0.4287727075433728,
        1.9351751601250304,
        0.19097958137628943,
        2.2212445316216027,
        2.240729132776202,
        0.036030665709144524,
        0.1702869280314804,
        0.2772430857675759,
        3.193039014206047
    ],
    "lr_list": [
        0.04837937900312845,
        0.004904173943744673,
        0.004627325414662303,
        0.425738535227453,
        0.03451779100430707,
        0.0032280638617053514,
        0.009254650829324506,
        0.04287727075433728,
        0.19351751601250305,
        0.019097958137628945,
        0.22212445316216028,
        0.22407291327762022,
        0.0036030665709144527,
        0.017028692803148043,
        0.02772430857675759,
        0.3193039014206047
    ],
    "heterogeneous": true,
    "alpha": 0.1
}